seed,arm,homeownership_rate,rental_vacancy_rate,annual_appreciation_g,mean_ltv_owner_occupier,mean_lti_owner_occupier,institutional_share_of_rentals,investor_share_of_stock,median_price,median_rent,n_households,months_of_inventory,median_months_on_market,n_purchases_ftb,n_purchases_repeat,n_purchases_investor,n_purchases_institutional,n_purchases_small_landlord,n_purchases_total,ftb_purchase_share,repeat_buyer_purchase_share,investor_purchase_share,institutional_purchase_share,small_landlord_purchase_share
0,baseline,0.5748259593559948,0.03638554686047404,0.04596180605617684,0.8436565527924074,1.8574465459150573,0.32398934603686047,0.29216923796166433,228035.83495018713,1727.922027238539,645.8,5.330204081632653,2.625,0.7,1.4416666666666667,0.15,0.016666666666666666,0.13333333333333333,2.2916666666666665,0.3054545454545455,0.6290909090909091,0.06545454545454546,0.007272727272727273,0.05818181818181818
0,adopted,0.5803902495063923,0.03257002234154914,0.029130089123787693,0.8443626373383999,1.8498740253426647,0.3192346056220297,0.2871552127162225,225022.8881130086,1692.3340313581293,645.5083333333333,5.444538035339923,2.5541666666666667,0.75,1.4666666666666666,0.25833333333333336,0.016666666666666666,0.24166666666666667,2.475,0.30303030303030304,0.5925925925925926,0.10437710437710437,0.006734006734006734,0.09764309764309764
1,baseline,0.5773783704269857,0.040724347229871,0.027971886624518147,0.8409560464066373,1.769152003035252,0.3714357831922246,0.2542490000697443,220712.7785730297,2026.3971827753862,711.8333333333334,7.52647233348168,4.283333333333333,0.9,1.9166666666666667,0.225,0.041666666666666664,0.18333333333333332,3.0416666666666665,0.2958904109589041,0.6301369863013698,0.07397260273972603,0.0136986301369863,0.06027397260273973
1,adopted,0.5872787736292605,0.05286637335070661,0.030567769102870023,0.8448393584453896,1.7477442546697053,0.3769619216248232,0.2653839458426292,213120.3243051578,1885.4487242884104,717.5,7.0050063775510205,4.275,1.0166666666666666,1.8666666666666667,0.39166666666666666,0.11666666666666667,0.275,3.275,0.3104325699745547,0.5699745547073791,0.11959287531806616,0.035623409669211195,0.08396946564885496
2,baseline,0.5262187532746831,0.06043995349223955,0.01964647065211116,0.8179610615557446,1.8317942154088385,0.3333141149200683,0.33841020255764853,232270.9894081251,1646.7977857897354,674.0,5.949352750809062,2.5833333333333335,0.8583333333333333,1.3583333333333334,0.30833333333333335,0.15833333333333333,0.15,2.525,0.33993399339933994,0.5379537953795379,0.12211221122112212,0.0627062706270627,0.0594059405940594
2,adopted,0.5510790002242655,0.06031976127857387,0.04151022211013532,0.830931312472444,1.850999795420601,0.331590312172196,0.31931221303948576,233705.38404759104,1658.637511426822,662.5583333333333,5.245744520030234,2.5416666666666665,0.8,1.6916666666666667,0.4666666666666667,0.225,0.24166666666666667,2.9583333333333335,0.2704225352112676,0.571830985915493,0.15774647887323945,0.07605633802816901,0.08169014084507042
3,baseline,0.5189207047377651,0.06623983813273954,0.03804204457013733,0.8092241169016339,1.8419339498874412,0.3625356831387114,0.3365740845236537,233890.6392783571,1550.1894594815674,657.1166666666667,7.065145502645503,2.85,0.8583333333333333,1.3916666666666666,0.3333333333333333,0.14166666666666666,0.19166666666666668,2.5833333333333335,0.33225806451612905,0.5387096774193548,0.12903225806451613,0.054838709677419356,0.07419354838709677
3,adopted,0.5380999053059619,0.06491665919475678,0.03743889012946042,0.8114050433937938,1.8689483718017323,0.331519503143875,0.32272512965582273,234622.58420233752,1568.487785245972,637.1083333333333,5.191536796536797,2.575,0.775,1.45,0.4083333333333333,0.05,0.35833333333333334,2.6333333333333333,0.29430379746835444,0.5506329113924051,0.1550632911392405,0.0189873417721519,0.1360759493670886
4,baseline,0.5198070176769768,0.04749567914233433,0.032829328576684455,0.8382445829766899,1.8879948144678669,0.3169738953073801,0.36016851338873496,226249.5197225986,1492.7947812002697,647.8,5.6927910052910065,2.470833333333333,0.825,1.3333333333333333,0.425,0.058333333333333334,0.36666666666666664,2.5833333333333335,0.3193548387096774,0.5161290322580645,0.16451612903225807,0.02258064516129032,0.14193548387096774
4,adopted,0.5162306473732384,0.04435347332495008,0.033837894262119,0.8368229649779778,1.8789108540060477,0.3207139134899911,0.35189289012003694,224837.85756401808,1505.3030500039697,645.7166666666667,5.932164502164502,2.6416666666666666,0.775,1.5083333333333333,0.48333333333333334,0.075,0.4083333333333333,2.7666666666666666,0.28012048192771083,0.5451807228915663,0.1746987951807229,0.02710843373493976,0.14759036144578314
5,baseline,0.5462744912222356,0.040275000267931314,0.020781589245836448,0.8554873181344822,1.8074570718000535,0.3306521263616338,0.29257725509760846,211511.40767293767,1660.8584680434165,711.65,7.097249827467219,2.8875,0.8833333333333333,1.65,0.35,0.058333333333333334,0.2916666666666667,2.8833333333333333,0.3063583815028902,0.5722543352601156,0.12138728323699421,0.02023121387283237,0.10115606936416185
5,adopted,0.5490732658730988,0.03519877437851689,0.02282795213316943,0.8501730637454885,1.8350881694718482,0.3565694212040847,0.2817545485584401,213854.93201469973,1623.1094927786014,710.625,7.273682102810543,3.5458333333333334,0.9416666666666667,1.625,0.5333333333333333,0.11666666666666667,0.4166666666666667,3.1,0.30376344086021506,0.5241935483870968,0.17204301075268819,0.03763440860215054,0.13440860215053763
6,baseline,0.5089481856426906,0.05546491481304902,0.031869077791511845,0.8110363809765573,1.7633938625947005,0.33714106817045075,0.3237407108306118,225346.08948152082,1609.3836123275,681.2416666666667,5.72797973356009,2.620833333333333,0.8916666666666667,1.4333333333333333,0.6,0.05,0.55,2.925,0.30484330484330485,0.49002849002849,0.20512820512820512,0.017094017094017096,0.18803418803418803
6,adopted,0.5267088387691806,0.05443176325069649,0.03533382680682111,0.8266854899963344,1.825539269385743,0.375295506726672,0.30322957263485933,220336.74482491618,1669.581718800598,673.2916666666666,7.371183261183261,3.0166666666666666,0.9583333333333334,1.3,0.325,0.06666666666666667,0.25833333333333336,2.5833333333333335,0.3709677419354839,0.5032258064516129,0.12580645161290321,0.025806451612903226,0.1
7,baseline,0.5507971827264864,0.05175855935483418,0.024849639122012622,0.8189148865891098,1.7294994121545695,0.29347440318602513,0.3292207364946439,231623.6462568072,1792.5731509423067,686.875,5.421571289334448,2.425,1.2,1.2833333333333334,0.44166666666666665,0.11666666666666667,0.325,2.925,0.41025641025641024,0.43874643874643876,0.150997150997151,0.039886039886039885,0.1111111111111111
7,adopted,0.5474981124807665,0.05179131463821786,0.034451215020801985,0.8163357231056296,1.7975979844925178,0.27150022793147754,0.3288617301324018,237897.58633171537,1733.8852151928231,656.3916666666667,5.294859813084113,2.45,0.8583333333333333,1.1166666666666667,0.44166666666666665,0.008333333333333333,0.43333333333333335,2.4166666666666665,0.35517241379310344,0.46206896551724136,0.18275862068965518,0.0034482758620689655,0.1793103448275862
8,baseline,0.5077295612792995,0.049941135078856884,0.03538755753259967,0.8337670825950324,1.739385739342335,0.34904208296010636,0.34274755927475586,224749.64739616262,1686.5969923252092,654.0,4.545241838873914,2.3041666666666667,0.9916666666666667,1.175,0.5166666666666667,0.15,0.36666666666666664,2.683333333333333,0.3695652173913043,0.43788819875776397,0.19254658385093168,0.055900621118012424,0.13664596273291926
8,adopted,0.5143761927543611,0.05317159042771089,0.039778821571840504,0.8294371748490988,1.7466435480740394,0.3394926374785648,0.3171981101250156,228512.2662216353,1752.093562949124,654.6083333333333,5.306695526695527,2.4791666666666665,0.8666666666666667,1.325,0.4083333333333333,0.041666666666666664,0.36666666666666664,2.6,0.3333333333333333,0.5096153846153846,0.15705128205128205,0.016025641025641024,0.14102564102564102
9,baseline,0.5405481958984955,0.05406012358352453,0.027381150046418768,0.8345306137797004,1.8492504045688027,0.2715193019442455,0.3399714337077105,225622.01595754214,1584.9072961596862,685.7166666666667,6.219017094017094,2.691666666666667,0.7,1.3666666666666667,0.5083333333333333,0.058333333333333334,0.45,2.575,0.27184466019417475,0.5307443365695793,0.19741100323624594,0.022653721682847898,0.17475728155339806
9,adopted,0.549012026046745,0.03578208402837257,0.01466626968668416,0.8388390973202872,1.8482711477555858,0.2736312632959581,0.32377621832500814,220928.76132796172,1633.128610069443,681.3916666666667,5.930774067202639,2.5166666666666666,0.8583333333333333,1.3666666666666667,0.2833333333333333,0.025,0.25833333333333336,2.5083333333333333,0.34219269102990035,0.5448504983388704,0.11295681063122924,0.009966777408637873,0.10299003322259136
10,baseline,0.555342842840444,0.04569672960858732,0.02950922771335207,0.8214966895687357,1.8137825096742148,0.33999443648794164,0.2990029027241629,232776.3266212845,1827.6798093183727,687.6833333333333,6.437305068226122,2.7125,0.925,1.625,0.26666666666666666,0.025,0.24166666666666667,2.816666666666667,0.32840236686390534,0.5769230769230769,0.09467455621301775,0.008875739644970414,0.08579881656804733
10,adopted,0.5420589455575157,0.04687052318605809,0.027931354344941525,0.8199178905361978,1.7801279743709488,0.3307488101840344,0.29812444797284,232248.6665890079,1915.4035458171263,695.8,6.135584225715804,2.7625,0.825,1.6833333333333333,0.39166666666666666,0.058333333333333334,0.3333333333333333,2.9,0.28448275862068967,0.5804597701149425,0.13505747126436782,0.020114942528735632,0.11494252873563218
11,baseline,0.538176568740011,0.03946567931306872,0.020034137847452387,0.8192860488227571,1.7594355668912596,0.313660883743619,0.3367366779076621,215032.9373134298,1621.004655047346,667.7083333333334,5.608698270975056,2.595833333333333,0.9166666666666666,1.3833333333333333,0.48333333333333334,0.058333333333333334,0.425,2.783333333333333,0.32934131736526945,0.49700598802395207,0.17365269461077845,0.020958083832335328,0.15269461077844312
11,adopted,0.5529511827506527,0.04686708327155521,0.042125584457840246,0.8219784831521716,1.790321943885932,0.28728679573154886,0.3335779711956348,222284.35550253076,1526.8300414350529,661.5333333333333,5.200493250259606,2.466666666666667,0.95,1.325,0.4,0.03333333333333333,0.36666666666666664,2.675,0.35514018691588783,0.4953271028037383,0.14953271028037382,0.012461059190031152,0.13707165109034267
12,baseline,0.5017884718886653,0.05182050722251284,0.041743514070553774,0.8168141519903966,1.8179032198864902,0.3110525019118359,0.3480627697099511,239811.60988090484,1539.533290153674,647.725,5.989263668430335,2.5875,0.8833333333333333,1.3916666666666666,0.31666666666666665,0.075,0.24166666666666667,2.591666666666667,0.3408360128617363,0.5369774919614148,0.12218649517684887,0.028938906752411574,0.0932475884244373
12,adopted,0.5131037391203191,0.04930699390108812,0.04056725061577461,0.8079570494561826,1.7920121795866422,0.305863518754269,0.3228910591975185,240528.16572896615,1552.6476617194028,647.25,5.442689026184172,2.5625,0.8333333333333334,1.3666666666666667,0.325,0.06666666666666667,0.25833333333333336,2.525,0.33003300330033003,0.5412541254125413,0.12871287128712872,0.026402640264026403,0.10231023102310231
13,baseline,0.5604157490089954,0.06286200528279298,0.018069468769971318,0.8133456140616254,1.777683878796799,0.34265349530394074,0.3048039147422429,228481.9423214567,1805.3894446112765,718.2,5.660114300903775,2.6166666666666667,1.0416666666666667,1.675,0.5583333333333333,0.20833333333333334,0.35,3.275,0.31806615776081426,0.5114503816793893,0.17048346055979643,0.06361323155216285,0.10687022900763359
13,adopted,0.5664596927190202,0.05360261627023017,0.012872969431001179,0.8375260644265041,1.8091083070386185,0.3397756213839986,0.3053491008419852,220908.62233466192,1833.1251449470067,720.7666666666667,6.557815589760033,2.7,1.175,1.4,0.35833333333333334,0.10833333333333334,0.25,2.933333333333333,0.4005681818181818,0.4772727272727273,0.12215909090909091,0.036931818181818184,0.08522727272727272
14,baseline,0.555161175894852,0.03710122569536294,0.025352201280456888,0.8312459961131525,1.8429617592571956,0.2926181702805895,0.28907253673114125,238441.95024924594,2056.8827100948565,677.8083333333333,7.496761773579956,3.308333333333333,0.9333333333333333,1.4916666666666667,0.4083333333333333,0.09166666666666666,0.31666666666666665,2.8333333333333335,0.32941176470588235,0.5264705882352941,0.14411764705882352,0.03235294117647059,0.11176470588235295
14,adopted,0.5455322056551615,0.0419921622216567,0.052504156155977304,0.8203310573793293,1.8787243510619447,0.30723310216685096,0.30302078198464805,252748.25235588837,2021.4680406124394,653.3583333333333,6.326734693877551,2.566666666666667,0.5833333333333334,1.3916666666666666,0.30833333333333335,0.05,0.25833333333333336,2.283333333333333,0.25547445255474455,0.6094890510948905,0.13503649635036497,0.021897810218978103,0.11313868613138686
15,baseline,0.5649901843699247,0.06657471281382683,0.02160749936828035,0.8133845378680806,1.7362820718930534,0.29565427653471754,0.3075611990608006,229753.19447548606,1601.5066704174978,667.3333333333334,5.483367250033917,2.5625,0.9083333333333333,1.8333333333333333,0.5916666666666667,0.058333333333333334,0.5333333333333333,3.3333333333333335,0.2725,0.55,0.1775,0.0175,0.16
15,adopted,0.5718050494596608,0.0680432998547838,0.03706109062647192,0.8140998403466086,1.730256609951393,0.33619099855395623,0.304388410187642,229506.64312384024,1612.94525493978,670.075,4.961125541125542,2.5416666666666665,1.0333333333333334,1.7833333333333334,0.39166666666666666,0.075,0.31666666666666665,3.2083333333333335,0.3220779220779221,0.5558441558441558,0.12207792207792208,0.023376623376623377,0.0987012987012987
16,baseline,0.5383292496135577,0.03613914505172998,0.026194966293291908,0.8198468711873983,1.9123372733508925,0.3341311218886442,0.2822794928801891,246710.177736839,1682.5276533214624,670.2416666666667,5.572758094117317,2.529166666666667,0.7416666666666667,1.75,0.375,0.11666666666666667,0.25833333333333336,2.8666666666666667,0.25872093023255816,0.6104651162790697,0.1308139534883721,0.040697674418604654,0.09011627906976744
16,adopted,0.5351990690802299,0.03352029709705107,0.02119674898532351,0.8225351700453534,1.8760129857738828,0.33068554161086616,0.29972254164428036,238432.00192730813,1681.922501224573,665.725,5.436767116378766,2.5875,0.8916666666666667,1.4916666666666667,0.35,0.11666666666666667,0.23333333333333334,2.7333333333333334,0.32621951219512196,0.5457317073170732,0.12804878048780488,0.042682926829268296,0.08536585365853659
17,baseline,0.5344625269361989,0.07096384878798488,0.04524083464378237,0.8033431892623976,1.7441827896880966,0.3139088211842929,0.3103092676857146,229461.33408453173,1714.7485442001073,701.3416666666667,6.241401907271472,2.5125,0.8666666666666667,1.5666666666666667,0.525,0.075,0.45,2.9583333333333335,0.29295774647887324,0.5295774647887324,0.17746478873239438,0.02535211267605634,0.15211267605633802
17,adopted,0.5293016012714996,0.07309210591378638,0.0407650708419899,0.8154191828331607,1.7535001376860322,0.3466789613088271,0.31229981458730205,227069.1048634636,1746.6834561629225,700.075,6.276631038577942,2.533333333333333,0.8833333333333333,1.6333333333333333,0.48333333333333334,0.26666666666666666,0.21666666666666667,3.0,0.29444444444444445,0.5444444444444444,0.16111111111111112,0.08888888888888889,0.07222222222222222
18,baseline,0.561393313965373,0.04857056606074147,0.05571923389402663,0.8300854304919547,1.7932288634503075,0.32545182358247476,0.2613809539978097,226324.09612335934,2043.1477909873154,684.375,7.093852949985026,2.629166666666667,0.8666666666666667,1.625,0.18333333333333332,0.041666666666666664,0.14166666666666666,2.675,0.32398753894080995,0.6074766355140186,0.06853582554517133,0.01557632398753894,0.0529595015576324
18,adopted,0.5605398334439816,0.05597772826277501,0.044099930976319375,0.8271129430297498,1.7771984218362156,0.31546210023784343,0.2789809778263788,225080.31962612906,1950.9526966391052,686.0,5.750251225251224,3.845833333333333,0.925,1.5583333333333333,0.43333333333333335,0.08333333333333333,0.35,2.9166666666666665,0.3171428571428571,0.5342857142857143,0.14857142857142858,0.02857142857142857,0.12
19,baseline,0.5238324575039713,0.07757625685528144,0.03582120702224908,0.8270841663186025,1.7331781937777242,0.26984301823091006,0.3221428571428572,215514.40320192793,1509.259306681327,625.8083333333333,6.100693550693551,2.5125,0.8166666666666667,1.4666666666666666,0.4583333333333333,0.08333333333333333,0.375,2.7416666666666667,0.2978723404255319,0.5349544072948328,0.16717325227963525,0.030395136778115502,0.13677811550151975
19,adopted,0.5361320704802145,0.06828368386235098,0.04459707202028465,0.8341312661257753,1.7268919750108438,0.27709962161493823,0.31894047619047616,214755.23864364804,1591.8012501209464,626.2333333333333,5.052616801437556,2.5,0.9583333333333334,1.4583333333333333,0.39166666666666666,0.13333333333333333,0.25833333333333336,2.808333333333333,0.34124629080118696,0.5192878338278932,0.1394658753709199,0.04747774480712166,0.09198813056379822
20,baseline,0.5433954548818407,0.025123840176250155,0.03550793870194817,0.821464481607744,1.7796372608488091,0.36515599896725615,0.2531123914814303,230766.38588636374,1925.086871042005,688.325,5.4947678447678445,2.4791666666666665,0.8166666666666667,1.8666666666666667,0.16666666666666666,0.008333333333333333,0.15833333333333333,2.85,0.28654970760233917,0.6549707602339181,0.05847953216374269,0.0029239766081871343,0.05555555555555555
20,adopted,0.540778330600044,0.027141031404278353,0.027021737150926227,0.8139943538387105,1.7718399286149713,0.3532245678829811,0.26496811927925173,231057.34235115015,1942.1403172025155,697.375,5.654143772893773,2.6375,0.9833333333333333,1.8083333333333333,0.175,0.025,0.15,2.966666666666667,0.33146067415730335,0.6095505617977528,0.05898876404494382,0.008426966292134831,0.05056179775280899
21,baseline,0.5626300313791492,0.04805228816514261,0.028572201095159448,0.8134085710273505,1.861566659445232,0.3141844385036969,0.2750646841408772,234310.40415344047,1732.293306916371,653.675,6.132917964693665,2.6125,0.7,1.4833333333333334,0.15833333333333333,0.0,0.15833333333333333,2.341666666666667,0.298932384341637,0.6334519572953736,0.06761565836298933,0.0,0.06761565836298933
21,adopted,0.5686658364830666,0.04263623827991626,0.021541198878923085,0.8203595540696258,1.838798568544573,0.3377392195218064,0.26809587563157655,230121.58500085305,1842.6710924446047,659.1916666666667,6.666513177598084,2.725,0.8833333333333333,1.525,0.16666666666666666,0.025,0.14166666666666666,2.575,0.343042071197411,0.5922330097087378,0.06472491909385113,0.009708737864077669,0.05501618122977346
22,baseline,0.5551908679744375,0.030322409466956676,0.04058812698637794,0.8131240189905853,1.804570196006219,0.32180539956893267,0.27647449435276233,232512.43439099894,1739.9412497117228,682.65,5.768807234432234,2.6416666666666666,0.5833333333333334,1.7,0.21666666666666667,0.058333333333333334,0.15833333333333333,2.5,0.23333333333333334,0.68,0.08666666666666667,0.023333333333333334,0.06333333333333334
22,adopted,0.5541239293764045,0.03625012436088983,0.013176436923842827,0.821429033679912,1.7437155781557654,0.34633730975383575,0.29148921089304486,217264.7984893676,1814.2708648793293,699.05,5.8026577404895985,2.425,0.825,1.8083333333333333,0.4,0.18333333333333332,0.21666666666666667,3.033333333333333,0.27197802197802196,0.5961538461538461,0.13186813186813187,0.06043956043956044,0.07142857142857142
23,baseline,0.5853978308979629,0.05705915796425972,0.03836272429079657,0.8139549273277659,1.7415760915977148,0.33762590475371396,0.29174237167744493,233732.56230306652,1816.9630310522625,693.4,6.077818477818478,2.529166666666667,0.825,1.7333333333333334,0.5416666666666666,0.1,0.44166666666666665,3.1,0.2661290322580645,0.5591397849462365,0.17473118279569894,0.03225806451612903,0.1424731182795699
23,adopted,0.601189934628609,0.05203949927253621,0.012392923996031728,0.8091501543606218,1.7244897064513816,0.36681838683077167,0.2859259814313058,234591.41372012207,2054.5565353057223,679.05,6.263937621832359,2.466666666666667,0.95,1.4833333333333334,0.3333333333333333,0.13333333333333333,0.2,2.7666666666666666,0.3433734939759036,0.536144578313253,0.12048192771084337,0.04819277108433735,0.07228915662650602
24,baseline,0.5230983104604967,0.06003044007025841,0.04957172670342604,0.8186766752964284,1.8584923639812985,0.29050474152979927,0.34609375,240698.1660065243,1600.0494261949227,630.1,5.391916916916916,2.4541666666666666,0.7333333333333333,1.1416666666666666,0.5583333333333333,0.075,0.48333333333333334,2.433333333333333,0.3013698630136986,0.4691780821917808,0.22945205479452055,0.030821917808219176,0.19863013698630136
24,adopted,0.5155823876261559,0.05740975525774084,0.04342737168918707,0.8120607271974374,1.8372816362677435,0.3112517649302196,0.3532078598484849,245002.27285539676,1587.1417095219686,625.175,5.482183652277109,2.5083333333333333,0.6833333333333333,1.2833333333333334,0.48333333333333334,0.15,0.3333333333333333,2.45,0.2789115646258503,0.5238095238095238,0.19727891156462585,0.061224489795918366,0.1360544217687075
25,baseline,0.5462810202323568,0.05467450631576356,0.038922085712774016,0.8350212989692568,1.8390614550319768,0.3654813159021207,0.2742340654322485,233609.65191745802,1896.2988798040979,704.2666666666667,5.804086538461538,2.6041666666666665,0.875,1.625,0.375,0.16666666666666666,0.20833333333333334,2.875,0.30434782608695654,0.5652173913043478,0.13043478260869565,0.057971014492753624,0.07246376811594203
25,adopted,0.5532121773122162,0.05389598570502656,0.04183310869097629,0.8546934075481983,1.8518879608105436,0.3381018642765049,0.28076871323968217,223018.28943936186,1806.8350211823624,696.45,6.5061191061191055,2.658333333333333,0.85,1.475,0.39166666666666666,0.08333333333333333,0.30833333333333335,2.716666666666667,0.3128834355828221,0.5429447852760736,0.1441717791411043,0.03067484662576687,0.11349693251533742
26,baseline,0.554341880179363,0.03782364826199524,0.018133388399330687,0.8279481261063061,1.9123436621943966,0.3545546908394292,0.3009759248294238,232970.506578708,1839.2794081492316,674.9,6.236770186335403,2.4833333333333334,0.7916666666666666,1.4,0.325,0.1,0.225,2.5166666666666666,0.31456953642384106,0.5562913907284768,0.1291390728476821,0.039735099337748346,0.08940397350993377
26,adopted,0.5438408177680379,0.03204478256923455,0.035655177413838196,0.8253508999207999,1.9036263969524303,0.3594472246526491,0.2915854134179912,236775.08889911245,1984.163844923924,676.1583333333333,5.546385281385282,2.475,0.7166666666666667,1.5166666666666666,0.2833333333333333,0.075,0.20833333333333334,2.5166666666666666,0.2847682119205298,0.6026490066225165,0.11258278145695365,0.029801324503311258,0.08278145695364239
27,baseline,0.5214157781578083,0.041719985903344116,0.012478239100700306,0.8420330055556643,1.7971280031648278,0.2805761924237273,0.31726020892687556,215826.12466175502,1713.6022049429191,632.95,5.7659567496723465,2.495833333333333,0.8666666666666667,1.375,0.375,0.06666666666666667,0.30833333333333335,2.6166666666666667,0.33121019108280253,0.5254777070063694,0.14331210191082802,0.025477707006369428,0.1178343949044586
27,adopted,0.5260534562180884,0.05201017449775232,0.03021205473986649,0.8284646202628864,1.8134169664913182,0.24254476345264128,0.3213600365389348,223796.20636206574,1723.9723235731117,645.325,5.62815875713072,2.5541666666666667,0.7666666666666667,1.1666666666666667,0.5083333333333333,0.016666666666666666,0.49166666666666664,2.441666666666667,0.31399317406143346,0.4778156996587031,0.20819112627986347,0.006825938566552901,0.20136518771331058
28,baseline,0.5706404724437465,0.06148796083332968,0.029028467667037653,0.8209021213788004,1.7359647977095822,0.3320995405681586,0.27546055417171295,217966.2266995631,1903.783912596247,700.7333333333333,7.433665223665223,2.925,0.8583333333333333,1.5,0.3,0.15,0.15,2.658333333333333,0.322884012539185,0.5642633228840125,0.11285266457680251,0.05642633228840126,0.05642633228840126
28,adopted,0.5556207195607342,0.06872361745302848,0.02630644981728385,0.8181073468147834,1.765776007994524,0.3002319531684285,0.29031052330324436,221831.43307174757,1740.50305065449,705.8833333333333,5.779402736639579,2.7,0.825,1.85,0.49166666666666664,0.06666666666666667,0.425,3.1666666666666665,0.26052631578947366,0.5842105263157895,0.15526315789473685,0.021052631578947368,0.13421052631578947
29,baseline,0.5280443113703099,0.06668390639147069,0.05805264330755936,0.8208352216947923,1.8234593192368043,0.3327173535535964,0.32586106863580067,234176.80835164993,1580.3104872363115,649.1333333333333,5.718118118118118,2.6041666666666665,0.75,1.275,0.4083333333333333,0.05,0.35833333333333334,2.433333333333333,0.3082191780821918,0.523972602739726,0.1678082191780822,0.02054794520547945,0.14726027397260275
29,adopted,0.5330867093053376,0.05675948159218087,0.04974101368186231,0.8221260675363785,1.8089078685289575,0.335702058374322,0.3150469483568075,228831.75197807065,1638.4238694805388,648.3666666666667,5.999760474760476,2.5875,0.85,1.425,0.39166666666666666,0.1,0.2916666666666667,2.6666666666666665,0.31875,0.534375,0.146875,0.0375,0.109375
30,baseline,0.5314594458165643,0.05439017750476586,0.026653659035605792,0.8422626499232801,1.7653766136446483,0.34419279734173014,0.2900151247006593,226255.83598461386,1719.3309982782362,679.375,6.050237708719853,2.6333333333333333,0.85,1.5833333333333333,0.43333333333333335,0.15833333333333333,0.275,2.8666666666666667,0.29651162790697677,0.5523255813953488,0.1511627906976744,0.055232558139534885,0.09593023255813954
30,adopted,0.5323078747729061,0.05220184627558931,0.02895145657190954,0.8399363993688092,1.758984422801656,0.29149611503532064,0.30803826408407714,229421.4301666166,1627.2672362952558,669.2833333333333,5.768195718654434,2.475,0.9333333333333333,1.3416666666666666,0.36666666666666664,0.041666666666666664,0.325,2.6416666666666666,0.35331230283911674,0.5078864353312302,0.138801261829653,0.015772870662460567,0.12302839116719243
31,baseline,0.527469286614479,0.04230489747367219,0.039893611933436365,0.8451039031712012,1.970722622300854,0.28102361900909195,0.34209039548022596,222891.16855484867,1485.1248907767715,626.5583333333333,5.7054102790213905,2.566666666666667,0.7666666666666667,1.35,0.38333333333333336,0.03333333333333333,0.35,2.5,0.30666666666666664,0.54,0.15333333333333332,0.013333333333333334,0.14
31,adopted,0.526274677884691,0.03473179879151395,0.03860146400177514,0.8415897780619084,1.916622552116071,0.29122027966104036,0.3263771186440678,226481.52406479523,1565.1582176703985,621.9666666666667,6.027276130578017,2.6,0.775,1.4166666666666667,0.3,0.05,0.25,2.4916666666666667,0.3110367892976589,0.568561872909699,0.12040133779264214,0.020066889632107024,0.10033444816053512
32,baseline,0.54123681328637,0.05457752103255765,0.04189172831913615,0.8079744694498122,1.7964258199301564,0.2807397266022206,0.30441103791118074,238123.77511485698,1777.6513883304442,640.6,6.801540404040404,2.5708333333333333,0.6583333333333333,1.4833333333333334,0.3333333333333333,0.075,0.25833333333333336,2.475,0.265993265993266,0.5993265993265994,0.13468013468013468,0.030303030303030304,0.10437710437710437
32,adopted,0.5637781621743065,0.06197296429272255,0.022582640865693563,0.8168381445395398,1.7651553576863657,0.31904569311862524,0.2868222536539368,230176.01538233025,1723.7013639612292,640.325,6.861168311168311,2.5458333333333334,0.6916666666666667,1.5833333333333333,0.30833333333333335,0.09166666666666666,0.21666666666666667,2.5833333333333335,0.267741935483871,0.6129032258064516,0.11935483870967742,0.035483870967741936,0.08387096774193549
33,baseline,0.5329961155639421,0.042867265470366296,0.037609586826728755,0.8159480873957043,1.7700989795546918,0.26629815023760056,0.31155459873143393,236885.4519126778,1816.429668473833,678.05,5.799489795918367,2.65,0.7083333333333334,1.3166666666666667,0.26666666666666666,0.041666666666666664,0.225,2.2916666666666665,0.3090909090909091,0.5745454545454546,0.11636363636363636,0.01818181818181818,0.09818181818181818
33,adopted,0.544674030931549,0.039701704895375146,0.03718008753430264,0.8277016568372936,1.7739371056276823,0.28445267379166633,0.30775353433243924,232690.77013423268,1836.294787501951,683.775,6.347350823045268,2.7125,0.9083333333333333,1.425,0.2916666666666667,0.041666666666666664,0.25,2.625,0.346031746031746,0.5428571428571428,0.1111111111111111,0.015873015873015872,0.09523809523809523
34,baseline,0.539928824081427,0.05385936350092983,0.036295547747421816,0.8173202219672251,1.7662577808823134,0.3193181876388946,0.32716572504708097,224392.23454688533,1530.2279495492533,639.15,5.035331384015594,2.345833333333333,0.875,1.4833333333333334,0.5833333333333334,0.10833333333333334,0.475,2.941666666666667,0.29745042492917845,0.5042492917847026,0.19830028328611898,0.036827195467422094,0.16147308781869688
34,adopted,0.5463693913621764,0.05290257114971661,0.03550500799302169,0.8269253000341306,1.8200245125271939,0.31276059583180177,0.3295786252354048,226790.58639488876,1605.7758158716097,642.3,5.853337585034014,2.466666666666667,0.9833333333333333,1.1833333333333333,0.39166666666666666,0.1,0.2916666666666667,2.558333333333333,0.38436482084690554,0.46254071661237783,0.15309446254071662,0.03908794788273615,0.11400651465798045
35,baseline,0.5531339132829096,0.013236802946857756,0.04224303432678622,0.8162873043792168,1.807180025537584,0.35074613661300036,0.25127626800140596,241803.16435545415,1860.5778562199082,688.2166666666667,6.475362484737484,2.908333333333333,0.625,1.675,0.14166666666666666,0.075,0.06666666666666667,2.441666666666667,0.25597269624573377,0.6860068259385665,0.05802047781569966,0.030716723549488054,0.027303754266211604
35,adopted,0.552447061735019,0.012349190298269459,0.01728656142907454,0.8229556939966474,1.777182119863412,0.325785947545794,0.25934460238183504,233792.8913783586,1933.1815909580087,678.8083333333333,4.654546485260771,2.5166666666666666,0.65,1.7583333333333333,0.06666666666666667,0.025,0.041666666666666664,2.475,0.26262626262626265,0.7104377104377104,0.026936026936026935,0.010101010101010102,0.016835016835016835
36,baseline,0.5850184648317821,0.06304662504056886,0.027091389102255566,0.8238769354546123,1.8670726768095622,0.33890915455140463,0.2983138100607412,224726.85921463947,1677.3899178694337,659.3583333333333,6.399304677623262,2.620833333333333,0.9333333333333333,1.7,0.45,0.13333333333333333,0.31666666666666665,3.0833333333333335,0.3027027027027027,0.5513513513513514,0.14594594594594595,0.043243243243243246,0.10270270270270271
36,adopted,0.5898684685458732,0.05619889021622948,0.0204360856487154,0.8448902931890152,1.895684090284061,0.31355706124457244,0.3114406779661017,220637.62126080442,1698.1703555683562,637.75,6.592414127928149,2.5625,0.925,1.5166666666666666,0.25,0.058333333333333334,0.19166666666666668,2.691666666666667,0.34365325077399383,0.5634674922600619,0.09287925696594428,0.021671826625386997,0.07120743034055728
37,baseline,0.5478779370299361,0.05203747931085912,0.03087185563478758,0.8321793043053423,1.8101394331936798,0.279452132131447,0.27000839793564474,211370.1353991483,1923.2488810602413,695.6916666666667,7.064982940216585,2.745833333333333,0.8666666666666667,1.5,0.2,0.05,0.15,2.566666666666667,0.33766233766233766,0.5844155844155844,0.07792207792207792,0.01948051948051948,0.05844155844155844
37,adopted,0.5571028576862119,0.06136873819044797,0.020383693112331746,0.8389422482860464,1.8078986104126178,0.2719643101722234,0.2818068326517537,210805.54667855665,1811.1652071614565,691.9166666666666,8.415665501674676,2.8833333333333333,0.8416666666666667,1.4333333333333333,0.45,0.058333333333333334,0.39166666666666666,2.725,0.308868501529052,0.5259938837920489,0.1651376146788991,0.021406727828746176,0.1437308868501529
38,baseline,0.569193963530314,0.05439088059930081,0.02722406044684087,0.828138295694893,1.8262473172772002,0.3052475587940847,0.3023453846847068,225853.94865719104,1627.5995529447093,655.1416666666667,6.4037096088435375,2.675,0.8,1.65,0.3333333333333333,0.058333333333333334,0.275,2.783333333333333,0.2874251497005988,0.592814371257485,0.11976047904191617,0.020958083832335328,0.09880239520958084
38,adopted,0.5625543839739732,0.06061873160441171,0.05251178067631136,0.8276021856575899,1.8127016999516163,0.28198916415466707,0.30309686823254073,219625.4322217934,1575.6711040082178,670.1833333333333,5.4603325989486695,2.5166666666666666,0.8833333333333333,1.6,0.5583333333333333,0.058333333333333334,0.5,3.0416666666666665,0.29041095890410956,0.5260273972602739,0.18356164383561643,0.019178082191780823,0.1643835616438356
39,baseline,0.5735485755752759,0.044431001673567214,0.03673299762116226,0.8445399767703017,1.8608266100251076,0.3139737380461124,0.2821180521571672,220055.02739416313,1916.4710849251444,676.65,6.057358620215763,2.7666666666666666,0.8833333333333333,1.4333333333333333,0.3,0.06666666666666667,0.23333333333333334,2.6166666666666667,0.3375796178343949,0.5477707006369427,0.11464968152866242,0.025477707006369428,0.08917197452229299
39,adopted,0.5512472648319061,0.041038863978052044,0.041427248114748995,0.8303406599702959,1.8229960713258468,0.3156121575637579,0.2846310475931096,226226.35850472853,1859.079054670991,673.0083333333333,5.402366255144033,2.6166666666666667,0.8416666666666667,1.5,0.38333333333333336,0.025,0.35833333333333334,2.725,0.308868501529052,0.5504587155963303,0.14067278287461774,0.009174311926605505,0.13149847094801223
40,baseline,0.5401844447225327,0.030514726922776982,0.03503372169746261,0.8288307469759483,1.8471589528417178,0.3193371927335157,0.3162645216339554,246810.58231277473,1838.972342249391,644.3,5.299606815203146,2.4875,0.7583333333333333,1.6166666666666667,0.26666666666666666,0.06666666666666667,0.2,2.6416666666666666,0.2870662460567823,0.61198738170347,0.10094637223974763,0.025236593059936908,0.07570977917981073
40,adopted,0.540875660171672,0.039451713717321375,0.03843829551652004,0.8187475011291856,1.8320406728383185,0.3052929789715934,0.3190425531914894,243993.10229887295,1754.2986022961422,633.6916666666667,5.600483405483406,2.558333333333333,0.7,1.4333333333333333,0.3416666666666667,0.058333333333333334,0.2833333333333333,2.475,0.2828282828282828,0.5791245791245792,0.13804713804713806,0.02356902356902357,0.11447811447811448
41,baseline,0.611207402687896,0.08523596106423251,0.04326945650584211,0.8239202593707229,1.7764726241312128,0.29133879824921116,0.2929293101933587,230476.76409387562,1702.8351365587844,649.3833333333333,5.686764292737744,2.4875,0.9083333333333333,1.65,0.525,0.125,0.4,3.0833333333333335,0.2945945945945946,0.5351351351351351,0.17027027027027028,0.04054054054054054,0.12972972972972974
41,adopted,0.6172478007396014,0.0631193675713272,0.045852008585349414,0.8313611527479459,1.8110187231707533,0.28988831736985393,0.27494065072036056,231744.22110833792,1917.3409208054372,641.1166666666667,6.117009867009868,2.5625,0.8583333333333333,1.65,0.3416666666666667,0.025,0.31666666666666665,2.85,0.30116959064327486,0.5789473684210527,0.11988304093567251,0.008771929824561403,0.1111111111111111
42,baseline,0.5380190930597669,0.05798097397070103,0.02768951307437036,0.8158906837657636,1.8651370805631697,0.35299403720806466,0.2970467032967033,238851.59116520788,1529.6183034308963,660.3083333333333,5.834372228179566,2.575,0.9083333333333333,1.5166666666666666,0.5,0.15,0.35,2.925,0.31054131054131057,0.5185185185185185,0.17094017094017094,0.05128205128205128,0.11965811965811966
42,adopted,0.5456267468381486,0.06441908108179248,0.04096059150116849,0.82855999049138,1.8518408988069255,0.360546852433935,0.3028720249769117,233051.41129903265,1537.8367003531462,667.05,5.819271869271869,2.4583333333333335,0.85,1.3583333333333334,0.5166666666666667,0.175,0.3416666666666667,2.725,0.3119266055045872,0.4984709480122324,0.18960244648318042,0.06422018348623854,0.12538226299694188
43,baseline,0.5609443030787502,0.03391272708336236,0.020574327773652354,0.8327129939415272,1.8627140071114303,0.26937871723574175,0.2921781171224121,229455.85457882087,1848.3550827672564,706.5916666666667,8.744987844987845,3.5833333333333335,0.8666666666666667,1.6166666666666667,0.35,0.075,0.275,2.8333333333333335,0.3058823529411765,0.5705882352941176,0.12352941176470589,0.026470588235294117,0.09705882352941177
43,adopted,0.5671592493954873,0.036755370443528494,0.013607195102298094,0.8386360679584366,1.8922012746776626,0.28945889886641285,0.2959606850715204,221233.2589633765,1895.254369067047,698.8833333333333,7.299615625279342,2.7,0.7666666666666667,1.7583333333333333,0.275,0.14166666666666666,0.13333333333333333,2.8,0.27380952380952384,0.6279761904761905,0.09821428571428571,0.050595238095238096,0.047619047619047616
44,baseline,0.5310052931595337,0.036211535331187934,0.02320045922401041,0.8424932745240725,1.7756616490412875,0.29613679158484524,0.291492581677585,218841.87837599628,1731.4189567684423,694.3166666666667,6.1822551662174305,3.0791666666666666,0.9083333333333333,1.475,0.31666666666666665,0.03333333333333333,0.2833333333333333,2.7,0.33641975308641975,0.5462962962962963,0.11728395061728394,0.012345679012345678,0.10493827160493827
44,adopted,0.5277083607554706,0.03196039151389378,0.0313563755073116,0.8305333949812201,1.7740595415607272,0.30273930263268417,0.29497839144176224,219480.89673253163,1641.3172068692559,691.1833333333333,5.990283446712019,2.73109243697479,0.8666666666666667,1.5166666666666666,0.25833333333333336,0.058333333333333334,0.2,2.6416666666666666,0.3280757097791798,0.5741324921135647,0.09779179810725552,0.022082018927444796,0.07570977917981073
45,baseline,0.5397872621495872,0.028585358893490658,0.030233158275982254,0.8247219895808766,1.7847110415270342,0.3069510008730886,0.30293629725614835,233043.10843764312,1820.3910237909363,647.6666666666666,5.015300448786687,2.4125,0.7416666666666667,1.35,0.35,0.11666666666666667,0.23333333333333334,2.441666666666667,0.3037542662116041,0.552901023890785,0.14334470989761092,0.04778156996587031,0.09556313993174062
45,adopted,0.540252936571128,0.029155989275972908,0.03532718193683696,0.8188533408756674,1.7434218659689578,0.2995423844630902,0.29695815868582554,234630.57966678124,1979.5203341300414,653.7166666666667,5.79380857978989,2.6125,0.7666666666666667,1.5166666666666666,0.275,0.041666666666666664,0.23333333333333334,2.558333333333333,0.2996742671009772,0.5928338762214984,0.10749185667752444,0.016286644951140065,0.09120521172638436
46,baseline,0.567055455567227,0.03418091194220051,0.03275689041127159,0.8316161047479814,1.861666765002784,0.33317362311646675,0.2917046613483231,220742.60656100127,1505.9062038896707,696.2916666666666,6.026807576807576,2.5625,0.9916666666666667,1.625,0.325,0.025,0.3,2.941666666666667,0.3371104815864023,0.5524079320113314,0.11048158640226628,0.0084985835694051,0.10198300283286119
46,adopted,0.5506551843209334,0.04162568461842204,0.06523148500421388,0.8232752955988825,1.8510081993571883,0.3038173282906602,0.31856485227544923,219613.42885841505,1530.3751246337968,685.0833333333334,6.039495149911818,2.5833333333333335,0.8083333333333333,1.475,0.5,0.08333333333333333,0.4166666666666667,2.783333333333333,0.2904191616766467,0.5299401197604791,0.17964071856287425,0.029940119760479042,0.1497005988023952
47,baseline,0.5294538571744491,0.04248542921829914,0.02600472877750215,0.818456210681078,1.8088082853494778,0.38989468789495363,0.2719767320487521,237292.92675420444,1868.5983023452359,679.6166666666667,5.846720779220778,2.825,0.775,1.6916666666666667,0.39166666666666666,0.16666666666666666,0.225,2.8583333333333334,0.27113702623906705,0.5918367346938775,0.13702623906705538,0.05830903790087463,0.07871720116618076
47,adopted,0.5139248023398127,0.05041390696992497,0.03236184065596518,0.8185456773378765,1.8295447414574724,0.3680871186646899,0.2919683584554126,236927.5164276214,1818.7164863408718,678.1083333333333,5.479411311450147,2.504166666666667,0.7916666666666666,1.475,0.4,0.09166666666666666,0.30833333333333335,2.6666666666666665,0.296875,0.553125,0.15,0.034375,0.115625
48,baseline,0.5468687755031509,0.03509334152012081,0.01135874490489715,0.8142138916690402,1.8186374140193635,0.35465739206144886,0.27111758457271834,241694.13147053434,1955.6920492218892,673.7416666666667,5.124025273539836,2.595833333333333,0.675,1.6833333333333333,0.15833333333333333,0.041666666666666664,0.11666666666666667,2.5166666666666666,0.2682119205298013,0.6688741721854304,0.06291390728476821,0.016556291390728478,0.046357615894039736
48,adopted,0.5624754190093529,0.03285424850270727,0.04948131322552001,0.8239582357254797,1.8509786883512418,0.3419937440192139,0.2774931693989071,237349.9372563564,1807.7743553622745,661.2083333333334,5.6560646900269544,2.45,0.8,1.4,0.2916666666666667,0.025,0.26666666666666666,2.4916666666666667,0.3210702341137124,0.5618729096989966,0.11705685618729098,0.010033444816053512,0.10702341137123746
49,baseline,0.6095419192866111,0.040966451396059415,0.017754341185940117,0.8363025227695341,1.882802913927388,0.2642648282706762,0.26969636173854056,219512.8781047109,1859.9567792534517,668.8666666666667,6.25408583186361,2.779166666666667,0.8583333333333333,1.5,0.375,0.016666666666666666,0.35833333333333334,2.7333333333333334,0.31402439024390244,0.5487804878048781,0.13719512195121952,0.006097560975609756,0.13109756097560976
49,adopted,0.6148338988816678,0.04375881993941522,0.018842024236349928,0.8406932152890696,1.9138125587096206,0.2560777530156039,0.25271990145797146,221510.45191229536,1944.6322068644758,680.375,6.16031746031746,2.8291666666666666,0.7916666666666666,1.9166666666666667,0.2916666666666667,0.016666666666666666,0.275,3.0,0.2638888888888889,0.6388888888888888,0.09722222222222222,0.005555555555555556,0.09166666666666666
50,baseline,0.5459688467373807,0.04409584732856635,0.03873881080506598,0.8319543627921813,1.8580641911668783,0.27826627474946825,0.3115313977440871,223969.61308134085,1657.4910737798493,653.0666666666667,5.987452967593154,2.470833333333333,0.7833333333333333,1.325,0.44166666666666665,0.06666666666666667,0.375,2.55,0.30718954248366015,0.5196078431372549,0.17320261437908496,0.026143790849673203,0.14705882352941177
50,adopted,0.5384792718648558,0.0492278723515627,0.03130084594443207,0.8294215088818663,1.8499489299475218,0.31813048140684924,0.30679455032870717,226979.0749784513,1683.3005515824664,671.6166666666667,6.502184359982524,2.7,0.85,1.525,0.30833333333333335,0.16666666666666666,0.14166666666666666,2.683333333333333,0.3167701863354037,0.5683229813664596,0.11490683229813664,0.062111801242236024,0.052795031055900624
51,baseline,0.5531437770096709,0.04626891277473275,0.023902582120111524,0.8390589830499452,1.8414544308526175,0.3137892662623533,0.30209466929430906,216989.28281316216,1534.1194915992883,679.2833333333333,6.433971088435375,2.8125,0.85,1.4166666666666667,0.39166666666666666,0.06666666666666667,0.325,2.658333333333333,0.31974921630094044,0.5329153605015674,0.14733542319749215,0.025078369905956112,0.12225705329153605
51,adopted,0.5587971152793496,0.052687353378859214,0.030410038148114917,0.842704400960579,1.8239435732041172,0.3215800307743502,0.3164831146953869,218070.00604222418,1504.5188254308523,678.025,6.467113341204251,2.7958333333333334,0.8916666666666667,1.225,0.4083333333333333,0.14166666666666666,0.26666666666666666,2.525,0.35313531353135313,0.48514851485148514,0.1617161716171617,0.056105610561056105,0.10561056105610561
52,baseline,0.5476374537537467,0.040792457444201465,0.02138223512911881,0.8418328853513912,1.783366118565899,0.27371247502390167,0.30242892031123925,222461.06648656153,1754.8692671996293,673.4083333333333,6.035443882567777,2.6166666666666667,0.9916666666666667,1.5666666666666667,0.38333333333333336,0.10833333333333334,0.275,2.941666666666667,0.3371104815864023,0.5325779036827195,0.13031161473087818,0.036827195467422094,0.09348441926345609
52,adopted,0.5687267600362733,0.04930698314053848,0.03117687648031954,0.8285586056246984,1.761493524322581,0.26936954790535084,0.310005044763188,231637.0615612477,1601.4818304955586,649.7916666666666,5.406856224583498,2.529166666666667,0.975,1.7083333333333333,0.3416666666666667,0.06666666666666667,0.275,3.025,0.32231404958677684,0.5647382920110193,0.11294765840220386,0.02203856749311295,0.09090909090909091
53,baseline,0.5382554508872187,0.05738737560800009,0.03437490585898729,0.832036109106249,1.7781929694646454,0.29817672874057877,0.32178142914376184,216903.25623958185,1600.0223683978488,693.75,6.382891007891008,4.708333333333333,0.8583333333333333,1.5583333333333333,0.5,0.09166666666666666,0.4083333333333333,2.9166666666666665,0.29428571428571426,0.5342857142857143,0.17142857142857143,0.03142857142857143,0.14
53,adopted,0.5437564503436454,0.055931869753693686,0.023459637592252454,0.8373455975117072,1.7817957213746036,0.29503980438116095,0.3090279723474909,218413.03620965345,1667.0124605196756,690.8583333333333,7.139752351557906,4.979166666666667,1.0333333333333334,1.6666666666666667,0.425,0.058333333333333334,0.36666666666666664,3.125,0.33066666666666666,0.5333333333333333,0.136,0.018666666666666668,0.11733333333333333
54,baseline,0.5505220330913331,0.05136204002997011,0.04480444690659586,0.8335400361252613,1.794208599533016,0.29124296320949544,0.29268564484690085,223195.58883830244,1698.1872123387643,674.7666666666667,6.02108999563128,2.6375,0.925,1.4166666666666667,0.325,0.041666666666666664,0.2833333333333333,2.6666666666666665,0.346875,0.53125,0.121875,0.015625,0.10625
54,adopted,0.5468544011450956,0.057546419645628774,0.04899710412653852,0.830295135492848,1.819053318130904,0.2765474410885228,0.30691281420576594,227530.04714109824,1708.5576999933357,658.5666666666667,5.491289744738021,2.3875,0.8416666666666667,1.5166666666666666,0.4666666666666667,0.10833333333333334,0.35833333333333334,2.825,0.29793510324483774,0.5368731563421829,0.16519174041297935,0.038348082595870206,0.12684365781710916
55,baseline,0.5679012562176619,0.05438534472354627,0.008955408063254015,0.8602612525704274,1.886463870404603,0.32450633165724746,0.2634904540114417,210993.42937955615,1727.5447887610183,707.425,8.3600626183195,3.7625,0.95,1.6166666666666667,0.275,0.09166666666666666,0.18333333333333332,2.841666666666667,0.3343108504398827,0.5689149560117303,0.0967741935483871,0.03225806451612903,0.06451612903225806
55,adopted,0.5558124614932051,0.060875504996885835,0.04672283194638997,0.851273307025494,1.8700996292888827,0.3242598862892501,0.2663224552362196,217575.94990792844,1720.436183693127,692.45,7.517627785058977,4.241666666666666,0.9333333333333333,1.5583333333333333,0.2833333333333333,0.058333333333333334,0.225,2.775,0.33633633633633636,0.5615615615615616,0.1021021021021021,0.021021021021021023,0.08108108108108109
56,baseline,0.5237799739920771,0.06101841551202718,0.059462282117009276,0.8110478314282094,1.8775800498719937,0.2990934679425728,0.33470765766999083,235839.16987518276,1586.15304606013,640.1,6.623092926490984,2.625,0.6583333333333333,1.3166666666666667,0.4166666666666667,0.11666666666666667,0.3,2.3916666666666666,0.27526132404181186,0.5505226480836237,0.17421602787456447,0.04878048780487805,0.1254355400696864
56,adopted,0.5373975201182701,0.06159642297055009,0.05488156291896573,0.8168012297990589,1.8507112563220878,0.31672865845411224,0.32475816685132436,230283.3106304879,1627.141311281528,641.9083333333333,5.598310657596373,2.495833333333333,0.8416666666666667,1.425,0.425,0.15,0.275,2.691666666666667,0.3126934984520124,0.5294117647058824,0.15789473684210525,0.05572755417956656,0.1021671826625387
57,baseline,0.5229181107626477,0.06107185348847313,0.03413979502631981,0.8243726109057772,1.713779564282391,0.2506564341842553,0.3279271592741663,215532.10485639254,1620.4789050970444,696.9,6.057287157287156,2.6458333333333335,0.75,1.475,0.5,0.10833333333333334,0.39166666666666666,2.725,0.27522935779816515,0.5412844036697247,0.1834862385321101,0.039755351681957186,0.1437308868501529
57,adopted,0.5434472136133287,0.06006651327792111,0.027963822487739622,0.8273326185939729,1.709409547021995,0.26110884862488404,0.3099976263506913,216422.201843238,1591.504897304648,694.1833333333333,6.270741195741195,2.5208333333333335,0.7416666666666667,1.6083333333333334,0.5666666666666667,0.08333333333333333,0.48333333333333334,2.9166666666666665,0.2542857142857143,0.5514285714285714,0.19428571428571428,0.02857142857142857,0.1657142857142857
58,baseline,0.582162011410773,0.05920488551887379,0.046774507995094604,0.8333201694065735,1.7991534804940985,0.3334751830466798,0.30389423246148695,223905.2700007825,1850.4993656870588,659.4083333333333,5.758944374209862,2.4541666666666666,0.8333333333333334,1.75,0.525,0.125,0.4,3.1083333333333334,0.2680965147453083,0.5630026809651475,0.16890080428954424,0.040214477211796246,0.128686327077748
58,adopted,0.5733492876848216,0.0649689871149882,0.031003873640447814,0.8439709169628377,1.825497475202287,0.28840959636410496,0.3129919948674977,223099.51430744023,1893.9337267802568,665.1833333333333,5.538251455885385,2.4458333333333333,0.825,1.7583333333333333,0.5833333333333334,0.058333333333333334,0.525,3.1666666666666665,0.26052631578947366,0.5552631578947368,0.18421052631578946,0.018421052631578946,0.16578947368421051
59,baseline,0.545635350808325,0.04648985191503623,0.03205985298806418,0.8251835940948314,1.8985205454543064,0.31721226418015563,0.30027345436474545,238772.9640275142,1749.0407161583234,643.8416666666667,5.155570252792474,2.6041666666666665,0.7916666666666666,1.5333333333333334,0.325,0.11666666666666667,0.20833333333333334,2.65,0.29874213836477986,0.5786163522012578,0.12264150943396226,0.0440251572327044,0.07861635220125786
59,adopted,0.5700053297973464,0.03723184772974466,0.03212575025967371,0.8357976527855393,1.9247551173871562,0.306757660117225,0.2769942404446961,234117.80465426596,1870.5636302225446,639.0833333333334,6.518476487168076,2.7583333333333333,0.8166666666666667,1.5166666666666666,0.10833333333333334,0.016666666666666666,0.09166666666666666,2.441666666666667,0.33447098976109213,0.621160409556314,0.04436860068259386,0.006825938566552901,0.03754266211604096
