parameter,value,policy,outcome,n,baseline_mean,policy_mean,mean_diff,sd_diff,se_diff,ci_lo,ci_hi,boot_ci_lo,boot_ci_hi,t_stat,p_value,arm_correlation,variance_reduction_factor,seeds_same_direction
beta_institutional,10.0,waiting_period,homeownership_rate,15,0.5253182215781592,0.5047297626124183,-0.020588458965740915,0.009911479281823269,0.0025591329463187577,-0.026077253241617256,-0.015099664689864576,-0.02532592343776387,-0.015762712795650644,-8.045091598448156,1.2826448810548948e-06,0.9269218279225842,13.51472059298414,15
beta_institutional,10.0,ownership_cap_soft,homeownership_rate,15,0.5253182215781592,0.5293979999528639,0.004079778374704631,0.00868463468494144,0.002242363033511566,-0.0007296120090499606,0.008889168758459222,-0.00012343341585944114,0.008257247444932208,1.8194102889377601,0.09029578444666511,0.9599415161889449,19.745124868982085,10
beta_institutional,10.0,ownership_cap_hard,homeownership_rate,15,0.5253182215781592,0.533911554758588,0.00859333318042892,0.01258212160138242,0.0032486898281407135,0.0016255864838587396,0.0155610798769991,0.002601038515719701,0.014691014356269514,2.6451688634575024,0.019209448840428977,0.8850325435971892,8.562601091603813,10
beta_institutional,10.0,purchase_tax,homeownership_rate,15,0.5253182215781592,0.5268532760105986,0.001535054432439383,0.005559270014710349,0.0014353973456028963,-0.0015435666862822603,0.004613675551161026,-0.0008325669776906583,0.004631598270956662,1.0694282228832106,0.3029693225710274,0.9759676441344163,41.507940682981236,6
beta_institutional,10.0,vacancy_tax,homeownership_rate,15,0.5253182215781592,0.5293088091483529,0.003990587570193804,0.009971300749405368,0.0025745787828315016,-0.0015313347302188234,0.009512509870606431,-0.0008279613388359336,0.008718580823097868,1.549996293298505,0.14344801546211094,0.934197938097521,14.182061424434936,9
beta_institutional,10.0,portfolio_tax,homeownership_rate,15,0.5253182215781592,0.5257807783653659,0.00046255678720657687,0.009814579523979986,0.0025341135364268536,-0.0049725761913940476,0.005897689765807202,-0.00424059431474797,0.005260875192853912,0.18253199020387634,0.8577820455303059,0.929844679836965,13.958844986569462,5
beta_institutional,10.0,waiting_period,ftb_purchase_share,15,0.33721235434922886,0.25943622743770406,-0.07777612691152472,0.03402050824076662,0.008784057456400087,-0.09661605640991675,-0.058936197413132684,-0.09471383865568422,-0.06146990010895006,-8.854237042228911,4.1242583059715903e-07,0.37574820497902817,1.5497384001231518,15
beta_institutional,10.0,ownership_cap_soft,ftb_purchase_share,15,0.33721235434922886,0.3451124158503997,0.00790006150117084,0.04102608927681095,0.0105928907019405,-0.014819429462919424,0.030619552465261105,-0.012296062124577345,0.02733836313945748,0.745789012976754,0.4681328989358416,0.3002272068950842,1.4290138959378866,11
beta_institutional,10.0,ownership_cap_hard,ftb_purchase_share,15,0.33721235434922886,0.31846193966827435,-0.018750414680954494,0.03951023146412683,0.0102014978976909,-0.0406304515687434,0.0031296222068344093,-0.038744389289959574,0.0009501455800570176,-1.838006032937441,0.0873721340865086,0.3573886425755195,1.556009351475825,11
beta_institutional,10.0,purchase_tax,ftb_purchase_share,15,0.33721235434922886,0.34974707704829044,0.012534722699061614,0.028519357270060573,0.007363666383432268,-0.0032587709343917543,0.028328216332514984,-0.0008455168010998,0.026515134529244866,1.7022393528397564,0.1108007030555892,0.5929550849348932,2.3498348484899756,8
beta_institutional,10.0,vacancy_tax,ftb_purchase_share,15,0.33721235434922886,0.33384643008714804,-0.003365924262080855,0.03445592090727476,0.00889648052347434,-0.022446977258148638,0.015715128733986925,-0.019826409461244435,0.013803693070047746,-0.3783433519805382,0.7108506909448311,0.36420513585533904,1.5284218166384154,8
beta_institutional,10.0,portfolio_tax,ftb_purchase_share,15,0.33721235434922886,0.32882906636130765,-0.008383287987921154,0.024454710319765743,0.006314179053651958,-0.02192585516732331,0.005159279191481002,-0.020544112279747284,0.0032911214179970603,-1.3276924706581572,0.20552256393486404,0.7628142942324492,4.199084071681305,5
beta_institutional,10.0,waiting_period,rental_vacancy_rate,15,0.04808122654846084,0.059904299587797055,0.011823073039336211,0.006295117022794619,0.0016253922261140249,0.008336953430121766,0.015309192648550657,0.008755346087531797,0.015044002643683475,7.2739815346617736,4.069919523715238e-06,0.8830937898150973,5.024417507374019,14
beta_institutional,10.0,ownership_cap_soft,rental_vacancy_rate,15,0.04808122654846084,0.048882533104031255,0.0008013065555704246,0.005733123579197776,0.0014802861429321363,-0.002373591458099613,0.003976204569240463,-0.0019166859910879229,0.0036834647963115744,0.5413186899008623,0.5967973664087433,0.7602688348976496,4.053752173999768,9
beta_institutional,10.0,ownership_cap_hard,rental_vacancy_rate,15,0.04808122654846084,0.04493357358024161,-0.0031476529682192326,0.006718913619276947,0.0017348160368043878,-0.006868463309943606,0.0005731573735051412,-0.006293814262727115,0.00034746168369792474,-1.8144015857827533,0.09109804612183782,0.7216104150923098,3.345435822183695,11
beta_institutional,10.0,purchase_tax,rental_vacancy_rate,15,0.04808122654846084,0.0484103123558308,0.0003290858073699499,0.003566759816577853,0.0009209334246351897,-0.0016461199422461593,0.002304291556986059,-0.001158936167258872,0.00232808744869514,0.3573394108269129,0.726167063484548,0.8827631673052254,8.093226220988173,7
beta_institutional,10.0,vacancy_tax,rental_vacancy_rate,15,0.04808122654846084,0.04694096749904824,-0.0011402590494125953,0.004475949954698956,0.0011556853088671266,-0.003618957515292984,0.0013384394164677933,-0.0033787322672572356,0.0009677387020000682,-0.986651851212288,0.3405593278728256,0.8121681618183474,5.192698183634115,8
beta_institutional,10.0,portfolio_tax,rental_vacancy_rate,15,0.04808122654846084,0.04786969134991261,-0.00021153519854822156,0.0017450308463559504,0.0004505650271036553,-0.0011779010707214659,0.0007548306736250228,-0.0010573498194823073,0.0006376016979994621,-0.4694887215459725,0.6459487682835753,0.9739962767833062,38.33950423438852,9
beta_institutional,25.0,waiting_period,homeownership_rate,15,0.5333391282046661,0.5128516685703943,-0.020487459634271718,0.011209491048877314,0.002894278143450863,-0.026695068867476586,-0.01427985040106685,-0.0261038979301539,-0.015396228779531463,-7.078607728365876,5.519367562265637e-06,0.942216444834741,11.76054275006067,15
beta_institutional,25.0,ownership_cap_soft,homeownership_rate,15,0.5333391282046661,0.533361965579233,2.2837374566656946e-05,0.01738102844433366,0.004487762246990778,-0.009602455351319256,0.00964813010045257,-0.00883581186771935,0.008203656450252061,0.005088811151252566,0.9960115359336493,0.8206396359483188,5.375510764187865,9
beta_institutional,25.0,ownership_cap_hard,homeownership_rate,15,0.5333391282046661,0.5443849614899531,0.011045833285286903,0.011303063601581642,0.0029184384726699286,0.004786405299597273,0.017305261270976535,0.005755997669835987,0.016745412927630793,3.78484363769425,0.0020100861469809703,0.9314716141811584,12.297168584493829,14
beta_institutional,25.0,purchase_tax,homeownership_rate,15,0.5333391282046661,0.5331162730063332,-0.00022285519833292373,0.005847328861771948,0.0015097738200960482,-0.0034609979894417373,0.00301528759277589,-0.003000480162182561,0.0028801614407184387,-0.1476083340210166,0.8847566388936828,0.9826936997645468,49.799005237941806,6
beta_institutional,25.0,vacancy_tax,homeownership_rate,15,0.5333391282046661,0.530290483936369,-0.003048644268297033,0.015887910149345114,0.004102240760963561,-0.011847075643045482,0.005749787106451415,-0.010634150273539315,0.004722428087329112,-0.7431656126348244,0.46966961351561315,0.8579779363538248,5.658989676586316,8
beta_institutional,25.0,portfolio_tax,homeownership_rate,15,0.5333391282046661,0.5320904417023928,-0.0012486865022732477,0.011103219548424609,0.0028668389600222098,-0.007397444540133005,0.004900071535586509,-0.006717465256417568,0.00405036758487789,-0.4355621364457716,0.6697948209589383,0.9304180265537466,14.12025013146817,8
beta_institutional,25.0,waiting_period,ftb_purchase_share,15,0.3278971268368979,0.2701065361770866,-0.05779059065981144,0.032536025936673436,0.008400765773633918,-0.07580844125941698,-0.0397727400602059,-0.0733980003275197,-0.04251032479683781,-6.879205088801442,7.571514028470021e-06,0.1727851805542686,1.2011819695576762,15
beta_institutional,25.0,ownership_cap_soft,ftb_purchase_share,15,0.3278971268368979,0.33137893446151684,0.00348180762461879,0.02351655980792217,0.006071949633078217,-0.009541229118114763,0.016504844367352344,-0.007652675431083386,0.014752350541147246,0.5734249845635929,0.5754530999947,0.5901679346973155,2.362340173663324,10
beta_institutional,25.0,ownership_cap_hard,ftb_purchase_share,15,0.3278971268368979,0.31569516128793634,-0.01220196554896169,0.02847555998903874,0.007352357974098486,-0.027971205056614438,0.0035672739586910564,-0.025585086564105897,0.0015942619070104423,-1.659598946616557,0.11921987942981019,0.594753263934763,2.4049090496210583,9
beta_institutional,25.0,purchase_tax,ftb_purchase_share,15,0.3278971268368979,0.3166298447473934,-0.011267282089504579,0.01966765648786418,0.005078167069095082,-0.022158867218322283,-0.0003756969606868773,-0.02121746968443472,-0.002138428262341183,-2.2187694765057,0.04353942189855165,0.7998042816418824,4.791715490353205,9
beta_institutional,25.0,vacancy_tax,ftb_purchase_share,15,0.3278971268368979,0.3295159246593325,0.0016187978224344811,0.022982062807866983,0.005933943101090779,-0.011108244347646712,0.014345839992515675,-0.010098634846425193,0.012779017443404261,0.272803057740293,0.7889872699429297,0.6790230520289459,3.1112126845288164,9
beta_institutional,25.0,portfolio_tax,ftb_purchase_share,15,0.3278971268368979,0.31904553915757156,-0.008851587679326456,0.014177512315728072,0.0036606179392976914,-0.01670283230508525,-0.0010003430535676632,-0.015896938429083112,-0.002029429748773587,-2.4180583240611773,0.02981867286441281,0.8841900698787728,8.47537584850356,9
beta_institutional,25.0,waiting_period,rental_vacancy_rate,15,0.05148582570661279,0.06211020965740593,0.010624383950793152,0.006248157125677783,0.001613267232815817,0.007164269865795795,0.014084498035790509,0.007703846189188487,0.013621894998614251,6.58563177549278,1.2177044390590403e-05,0.8315508800515977,5.660328274488597,15
beta_institutional,25.0,ownership_cap_soft,rental_vacancy_rate,15,0.05148582570661279,0.0523204341959171,0.0008346084893043134,0.009178908445601642,0.0023699839697451843,-0.004248501579583749,0.005917718558192377,-0.003412296047178359,0.005404681403248422,0.3521578626517245,0.7299646011158856,0.6202893081563491,2.57980086036381,8
beta_institutional,25.0,ownership_cap_hard,rental_vacancy_rate,15,0.05148582570661279,0.04504977676196332,-0.0064360489446494695,0.007607832987986694,0.001964334030879992,-0.010649126424704797,-0.0022229714645941425,-0.009993611691987996,-0.0027370434825470624,-3.276453415494826,0.005514690570048776,0.7483006379033273,3.891056355722564,12
beta_institutional,25.0,purchase_tax,rental_vacancy_rate,15,0.05148582570661279,0.052506414032151255,0.0010205883255384593,0.004292667317958311,0.0011083619355507597,-0.0013566115992256211,0.0033977882503025397,-0.000741214295607933,0.0033911937848905187,0.9208078090766582,0.372745991244801,0.9341993083132025,14.694029103928969,7
beta_institutional,25.0,vacancy_tax,rental_vacancy_rate,15,0.05148582570661279,0.05172761329751809,0.00024178759090530595,0.0056539628402729825,0.0014598469280301897,-0.0028892726667315454,0.003372847848542157,-0.0026279594012808914,0.0028000397190697498,0.16562530376493403,0.8708197710269574,0.8773878090148505,6.006417547094103,9
beta_institutional,25.0,portfolio_tax,rental_vacancy_rate,15,0.05148582570661279,0.052433533023383626,0.0009477073167708428,0.00459407982668639,0.0011861863106602563,-0.0015964092917236075,0.0034918239252652934,-0.0013152945213409548,0.003325752081936739,0.7989531730840234,0.43766262855344307,0.915735433043144,11.864905413804564,9
beta_institutional,50.0,waiting_period,homeownership_rate,15,0.527971901615409,0.5059475210385865,-0.022024380576822603,0.012463650820623161,0.0032181008040811938,-0.028926520341793528,-0.015122240811851678,-0.027841338717677844,-0.015767203396861076,-6.843906365173924,8.011748889800125e-06,0.8000068032643288,4.95650309526655,14
beta_institutional,50.0,ownership_cap_soft,homeownership_rate,15,0.527971901615409,0.5282281119973427,0.00025621038193372655,0.012456644966468531,0.003216291900316738,-0.006642049670323469,0.007154470434190922,-0.0056853570028435624,0.006770273254468885,0.07966017695983849,0.9376350202669048,0.7943762272649884,4.738088480234486,10
beta_institutional,50.0,ownership_cap_hard,homeownership_rate,15,0.527971901615409,0.5367472141989864,0.008775312583577381,0.006620548321824346,0.001709418226212477,0.005108975127912795,0.012441650039241968,0.005426984097208166,0.011968986396691798,5.133508259719836,0.00015202906537362782,0.952850167363187,20.17037543771618,13
beta_institutional,50.0,purchase_tax,homeownership_rate,15,0.527971901615409,0.529886656975215,0.0019147553598060012,0.005450464400505436,0.0014073038568169296,-0.0011036112181503329,0.004933121937762335,-0.0007538827811877552,0.004680387569272972,1.3605841769927614,0.19514859713956598,0.9642749220947326,27.945569302673366,5
beta_institutional,50.0,vacancy_tax,homeownership_rate,15,0.527971901615409,0.5241159130999891,-0.0038559885154199353,0.010028251811565324,0.0025892834838511236,-0.009409449262829259,0.0016974722319893889,-0.008486796111123504,0.0011851541521978796,-1.4892106404992014,0.1586113713971244,0.8731117287368767,6.614689395199685,11
beta_institutional,50.0,portfolio_tax,homeownership_rate,15,0.527971901615409,0.5268273827765066,-0.0011445188389023753,0.012835342883979669,0.0033140712821676755,-0.008252494807706293,0.005963457129901544,-0.007360000000430537,0.005418492157078866,-0.34535130401714403,0.7349642821437012,0.7914670564734266,4.778729294541148,8
beta_institutional,50.0,waiting_period,ftb_purchase_share,15,0.33644256621314467,0.24846268701596305,-0.08797987919718156,0.019412038416913826,0.005012166766976389,-0.09872990775661654,-0.07722985063774658,-0.09712346172833936,-0.0782676116031151,-17.553262548415923,6.256781656277403e-11,0.7943316805968226,4.861440003543813,15
beta_institutional,50.0,ownership_cap_soft,ftb_purchase_share,15,0.33644256621314467,0.34403535362930143,0.007592787416156813,0.0588814654493763,0.015203129005714787,-0.0250146812899973,0.04020025612231093,-0.02340265755027179,0.03555225179360763,0.4994226789302859,0.6252382157251173,-0.31823947608459713,0.768239134674717,9
beta_institutional,50.0,ownership_cap_hard,ftb_purchase_share,15,0.33644256621314467,0.30886151303129716,-0.027581053181847434,0.022958082238152776,0.005927751344615067,-0.04029481535506469,-0.014867291008630176,-0.039175553112018854,-0.01684561588519374,-4.652869457303202,0.00037304781532065067,0.7038728270821625,3.375241869720833,13
beta_institutional,50.0,purchase_tax,ftb_purchase_share,15,0.33644256621314467,0.33576214410212823,-0.0006804221110164358,0.023703252422585374,0.0061201534589082505,-0.013806845777696954,0.012446001555664082,-0.011612696879381726,0.011396867771099498,-0.11117729573039392,0.9130539247685627,0.6616701223169043,2.924043993283319,5
beta_institutional,50.0,vacancy_tax,ftb_purchase_share,15,0.33644256621314467,0.3404018486550387,0.003959282441894133,0.040982648994833185,0.010581674469363537,-0.018736152095876472,0.02665471697966474,-0.0151447625077121,0.02440261053248942,0.37416407519974243,0.7138882238979246,0.29184718094738366,1.3971780822603266,9
beta_institutional,50.0,portfolio_tax,ftb_purchase_share,15,0.33644256621314467,0.3295855404298914,-0.0068570257832531786,0.046794639324578696,0.012082323919725064,-0.032771033285390355,0.019056981718884,-0.02962194221784483,0.016515309252633184,-0.567525405609984,0.5793450031063271,0.10134903887624838,1.1087361340932316,9
beta_institutional,50.0,waiting_period,rental_vacancy_rate,15,0.05209459406221407,0.06683018977612439,0.01473559571391031,0.007651770531165609,0.0019756786557470056,0.010498186433460791,0.01897300499435983,0.011132753499640711,0.018551555545633862,7.458498208221402,3.066316030231344e-06,0.7799803594054686,4.545047133701088,15
beta_institutional,50.0,ownership_cap_soft,rental_vacancy_rate,15,0.05209459406221407,0.050812458189298984,-0.0012821358729151004,0.008575935628464657,0.002214297057812697,-0.006031330725607333,0.0034670589797771312,-0.005525338278974876,0.002975790049041006,-0.5790261376138963,0.571770796751182,0.6974495789946917,3.2601829195267062,9
beta_institutional,50.0,ownership_cap_hard,rental_vacancy_rate,15,0.05209459406221407,0.04671346833962197,-0.005381125722592104,0.006503032129575373,0.001679075675846478,-0.00898238488015422,-0.0017798665650299878,-0.008587804165807941,-0.002273363037548328,-3.2048142915770006,0.006359359574750649,0.8259264409047817,5.350227559704139,11
beta_institutional,50.0,purchase_tax,rental_vacancy_rate,15,0.05209459406221407,0.05205054598447098,-4.404807774309738e-05,0.0019153102249747061,0.0004945309736098545,-0.001104711526704544,0.0010166153712183493,-0.0010633980278419307,0.0007864163403182489,-0.08907041235772585,0.9302876043873555,0.9870795978845496,68.519405565272,5
beta_institutional,50.0,vacancy_tax,rental_vacancy_rate,15,0.05209459406221407,0.0526868857139596,0.0005922916517455324,0.006118438154423566,0.0015797739384588343,-0.0027959864613804554,0.00398056976487152,-0.002532505644182169,0.003376901717633821,0.37492177667100207,0.7133371445655807,0.8486827397900523,6.369320669336046,9
beta_institutional,50.0,portfolio_tax,rental_vacancy_rate,15,0.05209459406221407,0.05184112195290594,-0.00025347210930814167,0.005075261997620285,0.0013104270129615167,-0.0030640585221958943,0.0025571143035796108,-0.0028579553199508164,0.002145345333654197,-0.19342710948494876,0.8494026972741364,0.8982414600659637,9.542459006322938,8
beta_institutional,75.0,waiting_period,homeownership_rate,15,0.5311605468153202,0.5053782223244735,-0.02578232449084679,0.013680167105547704,0.003532203958208052,-0.033358148519421996,-0.018206500462271583,-0.032117131878173666,-0.01934038459799884,-7.299217371333961,3.9143057707977275e-06,0.7869691694373713,4.015307624880624,15
beta_institutional,75.0,ownership_cap_soft,homeownership_rate,15,0.5311605468153202,0.5296225574365858,-0.0015379893787343501,0.012439991595890923,0.003211992018523051,-0.008427027101760826,0.005351048344292126,-0.007628320989518611,0.004258993621085841,-0.4788272728777058,0.63945378941554,0.8424721299575327,6.347427583145787,9
beta_institutional,75.0,ownership_cap_hard,homeownership_rate,15,0.5311605468153202,0.5356250339796949,0.004464487164374657,0.010782750088658534,0.002784094101312737,-0.0015068008020313831,0.010435775130780697,-0.0005210851582139716,0.009665648252444705,1.6035690612144153,0.13112387217509916,0.8734249041189475,7.164038572973445,11
beta_institutional,75.0,purchase_tax,homeownership_rate,15,0.5311605468153202,0.5310865986874256,-7.394812789460748e-05,0.002577718417427994,0.0006655640334607173,-0.0015014410068180338,0.0013535447510288187,-0.001220068515480636,0.0012453965900883074,-0.11110595551580692,0.9131094708133745,0.9932488106074252,147.7625810810094,5
beta_institutional,75.0,vacancy_tax,homeownership_rate,15,0.5311605468153202,0.5266161477794434,-0.004544399035876808,0.012816724557567534,0.003309264050959112,-0.011642064519178857,0.002553266447425241,-0.0107188904594835,0.0010712642777954075,-1.3732355490217594,0.19127348111087789,0.8156747716485161,5.1638377403332045,9
beta_institutional,75.0,portfolio_tax,homeownership_rate,15,0.5311605468153202,0.5250293563292696,-0.006131190486050734,0.010363648244209192,0.002675882470384929,-0.011870387586964938,-0.0003919933851365314,-0.010885084927364957,-0.0007801134275290166,-2.2912779443443774,0.0379728163869792,0.9011887038915022,9.850970819837103,12
beta_institutional,75.0,waiting_period,ftb_purchase_share,15,0.3522882702586539,0.2633223894360481,-0.08896588082260593,0.04148855787128186,0.01071229957957582,-0.11194147835786764,-0.06599028328734421,-0.10839752609632193,-0.06782045880919985,-8.305021733356785,8.835182791557101e-07,0.3399733866807623,1.5102732174770481,15
beta_institutional,75.0,ownership_cap_soft,ftb_purchase_share,15,0.3522882702586539,0.3356595446047526,-0.016628725653901385,0.038609941367285086,0.009969043994235998,-0.038010198504005686,0.004752747196202917,-0.03452268749811345,0.0015920238522452044,-1.6680361390235563,0.11751109976159368,0.45277664169871984,1.8245022677752953,9
beta_institutional,75.0,ownership_cap_hard,ftb_purchase_share,15,0.3522882702586539,0.32754503261139106,-0.024743237647262887,0.029697245420117147,0.0076677957960232124,-0.04118902399624558,-0.0082974512982802,-0.03894427463107716,-0.00950774495011274,-3.226903572483711,0.006086003484413206,0.6375844929689348,2.604987049608425,12
beta_institutional,75.0,purchase_tax,ftb_purchase_share,15,0.3522882702586539,0.3440743458340291,-0.008213924424624841,0.0254765584602403,0.00657801910901269,-0.022322372242504194,0.005894523393254511,-0.021862518262086718,0.004280334768066871,-1.2486926973761387,0.2322552373722589,0.7517749203257198,3.919040760792591,6
beta_institutional,75.0,vacancy_tax,ftb_purchase_share,15,0.3522882702586539,0.33899105390368395,-0.013297216354970024,0.048647530073073424,0.012560738253809189,-0.040237320552159894,0.013642887842219847,-0.03631916619168804,0.01035447171155581,-1.0586333451329972,0.307691177741781,0.05973876642224801,1.0627862922576103,10
beta_institutional,75.0,portfolio_tax,ftb_purchase_share,15,0.3522882702586539,0.3366728852548369,-0.015615385003816958,0.03637197300583224,0.0093912030480196,-0.0357575122847425,0.004526742277108585,-0.032966290924452385,0.0035992239893301334,-1.6627672646381448,0.11857568486643504,0.4084164608748347,1.6207999912302726,12
beta_institutional,75.0,waiting_period,rental_vacancy_rate,15,0.052327418003653946,0.06481564018430483,0.012488222180650883,0.007737782576765204,0.0019978868704257032,0.008203181016996072,0.016773263344305695,0.008836262260601893,0.01639270274984992,6.250715376086301,2.124258949760418e-05,0.8151735362538715,5.26648172071439,15
beta_institutional,75.0,ownership_cap_soft,rental_vacancy_rate,15,0.052327418003653946,0.05096509518837012,-0.0013623228152838465,0.0049096332877010635,0.0012676618639501191,-0.004081187105865133,0.0013565414752974392,-0.00369648373809165,0.0011748181886580425,-1.074673660244663,0.3006942739314583,0.9312478850181566,12.666583862834454,11
beta_institutional,75.0,ownership_cap_hard,rental_vacancy_rate,15,0.052327418003653946,0.04561046181716292,-0.006716956186491033,0.0041415305400362415,0.0010693385872913182,-0.009010459353390282,-0.004423453019591784,-0.008643042959173276,-0.004672096359764315,-6.281411955314714,2.0173360008060192e-05,0.9508976886502484,20.363704482862246,15
beta_institutional,75.0,purchase_tax,rental_vacancy_rate,15,0.052327418003653946,0.05158465027455364,-0.0007427677291003122,0.0018792177014461235,0.0004852119241066012,-0.0017834438047431341,0.0002979083465425098,-0.001749420315791706,4.328731753955067e-05,-1.5308109553736482,0.1480952994780299,0.990375446044285,101.42527668761781,7
beta_institutional,75.0,vacancy_tax,rental_vacancy_rate,15,0.052327418003653946,0.052386982886618076,5.956488296412025e-05,0.0060213432948357385,0.0015547041535131007,-0.003274943889141296,0.003394073655069537,-0.0028477511275214512,0.00303387573926898,0.0383126801517343,0.9699793514160817,0.907304936371171,10.477998455596804,8
beta_institutional,75.0,portfolio_tax,rental_vacancy_rate,15,0.052327418003653946,0.05164436826344333,-0.0006830497402106284,0.007061414154583254,0.0018232492947582847,-0.004593530556363722,0.0032274310759424648,-0.004191075901231253,0.0028942525910438605,-0.3746332123502524,0.7135469989974508,0.8513306062650471,6.672428456795216,8
beta_institutional,100.0,waiting_period,homeownership_rate,15,0.5197063261916994,0.5022181456495775,-0.017488180542121912,0.016001413443321153,0.00413154718545082,-0.0263494679459811,-0.008626893138262724,-0.025474172657893035,-0.009795994542940143,-4.232840569679628,0.000835503766006357,0.7672904489032468,4.285042728128091,13
beta_institutional,100.0,ownership_cap_soft,homeownership_rate,15,0.5197063261916994,0.5213200847635705,0.0016137585718709823,0.017914108079277374,0.004625402816880067,-0.008306743816030896,0.011534260959772861,-0.007014532161706497,0.010458500007989079,0.34889038549933193,0.7323631161967284,0.6912190181373808,3.1902336939558076,9
beta_institutional,100.0,ownership_cap_hard,homeownership_rate,15,0.5197063261916994,0.5305160644348523,0.010809738243152837,0.013186393122232621,0.003404712063930064,0.0035073571322424843,0.01811211935406319,0.00438739646078554,0.017242359287190565,3.1749346318217406,0.00674867360406411,0.8341538565092343,5.640417230174844,10
beta_institutional,100.0,purchase_tax,homeownership_rate,15,0.5197063261916994,0.5240954203999705,0.004389094208271064,0.009329691406595095,0.0024089159628664838,-0.0007775166811976693,0.009555705097739797,6.136353341482483e-05,0.009256336867304003,1.8220204755703773,0.08988020519082224,0.92702292760517,10.963997240983277,7
beta_institutional,100.0,vacancy_tax,homeownership_rate,15,0.5197063261916994,0.5206955019621983,0.0009891757704988586,0.013811919201558031,0.0035662222031197796,-0.006659610136909347,0.008637961677907065,-0.0056524966707190505,0.0075602249560659555,0.27737356624427784,0.7855469654744817,0.8161565469754427,4.973733723298107,8
beta_institutional,100.0,portfolio_tax,homeownership_rate,15,0.5197063261916994,0.520844126761366,0.0011378005696665954,0.014308133680269652,0.0036943442305995863,-0.006785779756709339,0.00906138089604253,-0.005688890761272067,0.008344928464455382,0.3079844482932583,0.762628684513337,0.8019439611264947,4.419954407060628,9
beta_institutional,100.0,waiting_period,ftb_purchase_share,15,0.33186857445501966,0.2589277672831003,-0.07294080717191938,0.03279539212489837,0.00846773383547155,-0.09110228997906993,-0.05477932436476883,-0.08992033044382161,-0.05720586938632013,-8.613970229717012,5.73142803105784e-07,0.42230658598022724,1.6964686903059165,15
beta_institutional,100.0,ownership_cap_soft,ftb_purchase_share,15,0.33186857445501966,0.33816077549372303,0.00629220103870336,0.03565157777342782,0.00920519779883363,-0.013450984659885278,0.026035386737292,-0.010472431520947281,0.02223371777066898,0.6835487054390761,0.5054166796640268,0.4012716874478577,1.668031292246625,8
beta_institutional,100.0,ownership_cap_hard,ftb_purchase_share,15,0.33186857445501966,0.3173162658153256,-0.014552308639693994,0.031318604473075606,0.008086428903378596,-0.03189597370445417,0.0027913564250661837,-0.030698093757587384,0.00026343613126682394,-1.7995964366438546,0.093506710961549,0.5845477271204295,2.4036404834971514,9
beta_institutional,100.0,purchase_tax,ftb_purchase_share,15,0.33186857445501966,0.338034582259034,0.006166007804014373,0.03050997888563125,0.007877642674479317,-0.010729855336382071,0.02306187094441082,-0.00917704993155562,0.02092626956932278,0.7827224537601819,0.4468285149013032,0.6545082855825082,2.8361618115022758,7
beta_institutional,100.0,vacancy_tax,ftb_purchase_share,15,0.33186857445501966,0.3301902710569885,-0.001678303398031163,0.04541387330376735,0.01172581166615097,-0.026827668164623047,0.02347106136856072,-0.025042335131381245,0.019630722171047294,-0.14312897442110042,0.8882279543372378,0.2670577900347389,1.3549816957173104,9
beta_institutional,100.0,portfolio_tax,ftb_purchase_share,15,0.33186857445501966,0.32997049462954436,-0.001898079825475326,0.03063482519502111,0.00790987785295281,-0.018863080547544375,0.015066920896593722,-0.015854884649655107,0.01360143646614121,-0.23996322835336326,0.8138366608916364,0.6532552068901646,2.823714585035882,9
beta_institutional,100.0,waiting_period,rental_vacancy_rate,15,0.05110599073009344,0.06193465692061188,0.010828666190518449,0.006079410522965343,0.0015696970473468598,0.007462000859305021,0.014195331521731877,0.008214714846634597,0.014092547000000632,6.898570783974732,7.340875717281833e-06,0.8545783386665653,6.564199535001701,15
beta_institutional,100.0,ownership_cap_soft,rental_vacancy_rate,15,0.05110599073009344,0.05300365948454042,0.0018976687544469853,0.006766027827562912,0.0017469808730751404,-0.0018492325661715985,0.005644570075065569,-0.0010695479349225997,0.005546257275623259,1.086256171257671,0.2957155209065168,0.8158849568549899,4.863312588184008,10
beta_institutional,100.0,ownership_cap_hard,rental_vacancy_rate,15,0.05110599073009344,0.0449278215875427,-0.006178169142550738,0.005985135834120971,0.0015453554273559837,-0.00949262689124538,-0.002863711393856096,-0.009150349557860524,-0.003184423482307604,-3.99789526291776,0.001321492396160137,0.8662112949297758,7.461791470943242,12
beta_institutional,100.0,purchase_tax,rental_vacancy_rate,15,0.05110599073009344,0.05070813112930263,-0.00039785960079080824,0.007485927577940736,0.001932858189351953,-0.004543428114945787,0.0037477089133641705,-0.0035193172560279195,0.0035835536083435216,-0.20584003678210985,0.8398790420170226,0.8079254213403271,5.171505922062266,8
beta_institutional,100.0,vacancy_tax,rental_vacancy_rate,15,0.05110599073009344,0.05159687634538764,0.0004908856152942134,0.0052181812705429514,0.0013473286105536205,-0.002398846852871983,0.00338061808346041,-0.0018975196300070885,0.003037966921443452,0.36433993270023957,0.7210482687235691,0.9357255947029114,12.361046510095756,8
beta_institutional,100.0,portfolio_tax,rental_vacancy_rate,15,0.05110599073009344,0.05119283489809457,8.684416800114035e-05,0.006695405896483389,0.001728746368878607,-0.0036209480307559374,0.003794636366758218,-0.0030187157300993715,0.003468258785616603,0.050235343694444844,0.960644532965297,0.836926778726777,6.131771529217266,8
